Delta,Time,CPU_FREQUENCY_0,CPU_FREQUENCY_1,CPU_FREQUENCY_10,CPU_FREQUENCY_11,CPU_FREQUENCY_2,CPU_FREQUENCY_3,CPU_FREQUENCY_4,CPU_FREQUENCY_5,CPU_FREQUENCY_6,CPU_FREQUENCY_7,CPU_FREQUENCY_8,CPU_FREQUENCY_9,CPU_USAGE_0,CPU_USAGE_1,CPU_USAGE_10,CPU_USAGE_11,CPU_USAGE_2,CPU_USAGE_3,CPU_USAGE_4,CPU_USAGE_5,CPU_USAGE_6,CPU_USAGE_7,CPU_USAGE_8,CPU_USAGE_9,DRAM_ENERGY (J),PACKAGE_ENERGY (J),PP0_ENERGY (J),PP1_ENERGY (J),TOTAL_MEMORY,TOTAL_SWAP,USED_MEMORY,USED_SWAP
0,1710889791901,2592,2592,2592,2592,2592,2592,2592,2592,2592,2592,2592,2592,51.628883361816406,10.877616882324219,45.01412582397461,11.073677062988281,81.12161254882813,15.358146667480469,45.84797286987305,44.922096252441406,73.57937622070313,17.453163146972656,40.23270797729492,9.824508666992188,4101.3836669921875,36910.72772216797,32954.15069580078,134.6259765625,34156023808,5100273664,17000198144,0
199,1710889791901,2592,2592,2592,2592,2592,2592,2592,2592,2592,2592,2592,2592,31.42028045654297,18.358055114746094,34.80574035644531,19.250762939453125,28.641380310058594,98.1843490600586,96.95308685302734,57.986053466796875,45.342979431152344,31.20264434814453,63.84410858154297,18.648231506347656,4101.3941650390625,36910.83154296875,32954.281799316406,134.6259765625,34156023808,5100273664,16999751680,0
2,1710889792101,2592,2592,2592,2592,2592,2592,2592,2592,2592,2592,2592,2592,16.62554931640625,16.271766662597656,17.163833618164063,13.520164489746094,33.21246337890625,15.901863098144531,21.105270385742188,12.839897155761719,20.20751953125,9.141380310058594,14.557746887207031,15.496955871582031,4101.704528808594,36914.00634765625,32957.127502441406,134.6259765625,34156023808,5100273664,16995643392,0
