Delta,Time,CPU_FREQUENCY_0,CPU_FREQUENCY_1,CPU_FREQUENCY_10,CPU_FREQUENCY_11,CPU_FREQUENCY_2,CPU_FREQUENCY_3,CPU_FREQUENCY_4,CPU_FREQUENCY_5,CPU_FREQUENCY_6,CPU_FREQUENCY_7,CPU_FREQUENCY_8,CPU_FREQUENCY_9,CPU_USAGE_0,CPU_USAGE_1,CPU_USAGE_10,CPU_USAGE_11,CPU_USAGE_2,CPU_USAGE_3,CPU_USAGE_4,CPU_USAGE_5,CPU_USAGE_6,CPU_USAGE_7,CPU_USAGE_8,CPU_USAGE_9,DRAM_ENERGY (J),PACKAGE_ENERGY (J),PP0_ENERGY (J),PP1_ENERGY (J),TOTAL_MEMORY,TOTAL_SWAP,USED_MEMORY,USED_SWAP
0,1710876498491,2592,2592,2592,2592,2592,2592,2592,2592,2592,2592,2592,2592,17.58277130126953,27.58551788330078,18.82282257080078,1.8887710571289063,87.888916015625,4.971427917480469,61.00701141357422,11.801689147949219,25.00312042236328,6.8140411376953125,25.154067993164063,24.783554077148438,709.4478759765625,8740.855224609375,8041.038391113281,29.24908447265625,34156023808,5100273664,16627380224,0
200,1710876498491,2592,2592,2592,2592,2592,2592,2592,2592,2592,2592,2592,2592,15.429939270019531,49.5930290222168,29.58403778076172,17.756912231445313,99.7852783203125,33.16688537597656,92.30001068115234,23.457008361816406,27.179664611816406,19.202537536621094,51.165985107421875,19.032760620117188,709.455810546875,8741.010192871094,8041.209228515625,29.24908447265625,34156023808,5100273664,16627011584,0
8,1710876498692,2592,2592,2592,2592,2592,2592,2592,2592,2592,2592,2592,2592,3.959625244140625,4.9113616943359375,4.2590179443359375,5.473381042480469,17.976661682128906,3.7033004760742188,14.754241943359375,2.050048828125,8.197235107421875,0.9167633056640625,3.9146804809570313,2.8624343872070313,709.7537231445313,8743.077209472656,8043.0120849609375,29.24908447265625,34156023808,5100273664,16610975744,0
